Boy With Luv (feat. Halsey),5KawlOMHjWeUjQtnuRs22c,BTS,MAP OF THE SOUL : PERSONA
Dancing On My Own,6aqNCrRA7vs7v6QvRpI50t,Robyn,Body Talk
Dancing Queen,0GjEhVFGZW8afUYGChu3Rr,ABBA,Arrival
Disco Inferno,2KGecZ3MSi1O7T6nVUeShm,The Trammps,Disco Forever
Emotion feat. Wild Nothing,5DnmZd2ZVkWPL4QcZYJwfs,Molly Burch,Emotion feat. Wild Nothing
Green Light - Chromeo Remix,2sbtixigDCbjXBTMRSEECS,Lorde,Green Light (Chromeo Remix)
Gypsy Woman (She's Homeless) (La Da Dee La Da Da) - Radio Edit,4UJ1AKSbXAbPlPVFe66wK7,Crystal Waters,Music For Girls Night Out
If You Fall In Love,17l7ReAyCcF5FNmQgbSm4u,BROODS,Space Island
Lean On Me,5acSb48zFAcXTdL5Wsk8xx,Cheat Codes,"HELLRAISERS, Part 1"
Message In A Bottle (Taylor's Version) (From The Vault),6PdCbJwSOeovMX7kfwiAxb,Taylor Swift,Red (Taylor's Version)
Nowhere To Go,4V9pOS5miVOLE3YRAaoOiC,Hayden James,Between Us
One Touch,3eS1VMcEmq2IUgpaeDysCb,Jess Glynne,Always in Between (Deluxe)
Secret,2QGQRq5m7l5qZ1YTB5nK8e,Chelsea Lankes,Secret
Take My Breath,2vgUijXOTRMnWXDtvgMp2b,The Weeknd,Dawn FM
That Would Be So Good,3neDcYXHlDYIIkvwoUtnrg,ELKI,Extended Play
Titans (feat. Sia & Labrinth),2Y5UuF7UDJ9GjlRXeYjw3j,Major Lazer,Titans (feat. Sia & Labrinth)
Hold Me Back,56q54oAJ1FeFfydlNmY3b5,Hayden James,Between Us
Weightless,6TXLcVQHA69hKR0HqpTabk,Hayden James,Between Us
No Sleep - Louis La Roche Remix,4nFYAaQ7eXeLaF261bghiq,Crooked Colours,No Sleep (Louis La Roche Remix)
The Real Thing,2lKYeA3NUMNtMSZUlqlwye,Client Liaison,The Real Thing
Adore You,3jjujdWJ72nww5eGnfs2E7,Harry Styles,Fine Line
Ain't No Mountain High Enough,7tqhbajSfrz2F7E1Z75ASX,Marvin Gaye,United
BACK ON TOP (feat. Griff),6Valn7rZDs7YP07gCMBmUD,HONNE,"LET’S JUST SAY THE WORLD ENDED A WEEK FROM NOW, WHAT WOULD YOU DO?"
Change Yr Mind,3mK4ennX16Mfn3F3xflbl6,LUXXURY,Change Yr Mind
Crushing,4ltTeadmWvzz112u5ZdgPa,KESMAR,Up To You – EP
Don't Phunk With My Heart,5MzjQ95rdB2xt9DNa2IzaC,Black Eyed Peas,Monkey Business
Friends,4j6ChNxe87KqvEsYs30ppe,Big Gigantic,Free Your Mind
Get Lucky (feat. Pharrell Williams & Nile Rodgers) - Radio Edit,2Foc5Q5nqNiosCNqttzHof,Daft Punk,Get Lucky (feat. Pharrell Williams & Nile Rodgers) [Radio Edit]
Hold the Line,4aVuWgvD0X63hcOCnZtNFA,TOTO,Toto
Hold The Line (feat. A R I Z O N A),6EBlOYNcZ8MrdEov9lEdV6,Avicii,TIM
Jeepers Creepers 2.0,7mUUClKannlGG1xOlYIXXh,Nikki Yanofsky,Little Secret
One Night,1U9Jp66F0x7IM3Gv09hoxq,Griff,One Night
Real Love,7M9XTtbz6qDg7LqYJ7OpJB,Clean Bandit,Real Love
Sunday,6s44mK59ifnmpcCxLtB934,Jessica Mauboy,HILDA
Supercut,6K8VQ84MqhsoakN5MjrnVR,Lorde,Melodrama
You for Me,73QyyUMMvtNELmULI4FOsp,Sigala,You for Me
Against All Odds (Take A Look At Me Now),1vf0m8FrWV2f8CiU72mysM,Mariah Carey,Rainbow
What I Like About You (feat. Theresa Rex),4NSW0Km5ZG60L8FthUebPJ,Jonas Blue,What I Like About You (feat. Theresa Rex)
WILD - RAC Mix,10n3JKjszdfli4EZFM7oRU,Troye Sivan,Blue Neighbourhood (The Remixes)
Lost To You,4gElmHar4MjXxtc9zajpuT,Hayden James,Between Us
positions,1eNoiSrvdNWZfCOrP37jSf,Ariana Grande,Positions
Treasure,0Lq9NbPPLPyed6GF2hrK9K,Bruno Mars,Hot Christmas Songs
The Worst,3YfovjrAI1m5Y5kprgEXcm,Jhené Aiko,Sail Out
Knock Me Off My Feet,3adNtom9Dn2NXmgHf0OwZR,SOAK,Grim Town
Easier,2bjUEg4jBtKBlPdNrTAppI,5 Seconds of Summer,CALM
Levitating,1dI77VhaLcQSgQLSnIs03D,Dua Lipa,Future Nostalgia
You Mean The World To Me - Vertue x Franklin Radio Mix,7D6OFQU8t7Hf1mde8zQNsn,Freya Ridings,You Mean The World To Me (Vertue x Franklin Radio Mix)
Dollar,1lrv2Nmkk7gfLubulWLeHz,Electric Guest,Dollar (20syl Remix)
Eternal Sunshine,3t844ssjXzE9M3SDtUxTI4,Jhené Aiko,Souled Out (Deluxe)
Talk (feat. Disclosure),6TqXcAFInzjp0bODyvrWEq,Khalid,Free Spirit
Am I Wrong,1fidCEsYlaVE3pHwKCvpFZ,Nico & Vinz,Black Star Elephant
Stop,1iCVw7fVBPdEzPibIQ0JCv,AJ Mitchell,STOP
Higher Ground,5mWpMKaUTrQqAjsYn3iRsI,Fluir,Higher Ground
Rosé,2vfl8V78ai2lyCyFn1cPWx,Call Me Loop,Rosé
My Head & My Heart,1KixkQVDUHggZMU9dUobgm,Ava Max,Heaven & Hell
Prisoner (feat. Dua Lipa),2Oycxb8QbPkpHTo8ZrmG0B,Miley Cyrus,Plastic Hearts
Take You Dancing,59qrUpoplZxbIZxk6X0Bm3,Jason Derulo,Take You Dancing
Dynamite,5QDLhrAOJJdNAmCTJ8xMyW,BTS,BE
Bad Habits,3rmo8F54jFF8OgYsqTxm5d,Ed Sheeran,=
Shivers,50nfwKoDiSYg8zOCREWAm5,Ed Sheeran,=
Bad Girl,3n1HsYVwX6qMvihf5uZDKs,Daya,Bad Girl
No Time For Tears,2Rr1INov0ckj7bLTsk9LV1,Nathan Dawe,No Time For Tears
Starstruck - Kylie Minogue Remix,5v3E4Ej5kz0E3X8it153kr,Years & Years,Night Call (Deluxe)
I'm Every Woman,1oFiPGBafH9Woo9AMwgBSl,Chaka Khan,Chaka
Finally,0uqvSVhGgQTIdj9G51vhvv,CeCe Peniston,Finally
Julien,5ovKXoPXsaCydETxiqbt80,Carly Rae Jepsen,Dedicated
Feels Right,11gPrIAQGSmQhngUpb0XC2,Carly Rae Jepsen,Dedicated
Real Love,70SnF1RJLB3blEDBWjrig3,Carly Rae Jepsen,Dedicated
LUCID,7BoVAJ0HuKcBBRmUGlzX6o,Rina Sawayama,SAWAYAMA (Deluxe Edition)
Next Mistake,2XgRGKZqta5TAAqt9jgxwX,Icona Pop,Next Mistake
We Got That Cool (feat. Afrojack & Icona Pop) - Anton Powers Remix,3qSOhn9MGId2esQ1W59QaK,Yves V,We Got That Cool (feat. Afrojack & Icona Pop) [Anton Powers Remix]
How Will I Know,5tdKaKLnC4SgtDZ6RlWeal,Whitney Houston,Whitney Houston
Hot N Heavy,6XHdnKvleZOUyrgnXbe3x5,Jessie Ware,What's Your Pleasure? (The Platinum Pleasure Edition)
Soul Control,7KXYD0NGzDgZ3J0fQ72SGZ,Jessie Ware,What's Your Pleasure?
Rain On Me (with Ariana Grande),24ySl2hOPGCDcxBxFIqWBu,Lady Gaga,Rain On Me (with Ariana Grande)
Skin,03B2SfXuvDh1m9F4tqrX07,Sabrina Carpenter,Skin
Late Night Feelings (feat. Lykke Li),7aQeWViSfRWSEwtJD86Eq0,Mark Ronson,Late Night Feelings (feat. Lykke Li)
Electric Feel,3FtYbEfBqAlGO46NUDQSAt,MGMT,Oracular Spectacular
Pretty Lovers,6iJlJY1rp4X38U535LzIAx,Client Liaison,Client Liaison
Electric Avenue,1QuTMyLkSxS2wI9IvKVEnG,Electric Avenue,"Disco Hits of The '70s, '80s & '90s"
Better Than Ever,4dkMqDjuN7r9mOYpJtEUGt,Flight Facilities,Better Than Ever
All Of Us,63lIzqQ7ro8UBuunbNE6WT,PNAU,All Of Us
Make Your Move,5gBTUPVWxpsiIiMLKKGgrR,Running Touch,Make Your Move
Woke Up Late (feat. Hailee Steinfeld),3k8YdriWQss396m6Q6rTzV,Drax Project,Drax Project
bad guy,2Fxmhks0bxGSBdJ92vM42m,Billie Eilish,"WHEN WE ALL FALL ASLEEP, WHERE DO WE GO?"
Star (Voice English Ver.),46Xt2hKFz0R8RiqNPO1ato,LOONA,[12:00]
Met Him Last Night (feat. Ariana Grande),1JJTcAtBMIA6B6QlzQxvM2,Demi Lovato,Dancing With The Devil…The Art of Starting Over
Sunset,1qYnqHydtG4iV9YenAz8Ux,Demi Lovato,Dancing With The Devil…The Art of Starting Over (Deluxe Edition)
Rather Be (feat. Jess Glynne),5HuqzFfq2ulY1iBAW5CxLe,Clean Bandit,I Cry When I Laugh
Spectrum (Say My Name) - Calvin Harris Remix,57yeWyaoeTt26p0dlEZukQ,Florence + The Machine,Ceremonials
Cross Me (feat. Chance the Rapper & PnB Rock),1oH5Mg9dyAj15lWUmXvmFW,Ed Sheeran,No.6 Collaborations Project
Bones (feat. OneRepublic),53Ji6ZvVjsBl4pIuiETfhN,Galantis,Church
Cold Heart - PNAU Remix,6zSpb8dQRaw0M1dK8PBwQz,Elton John,Cold Heart (PNAU Remix)
Kiss Me More (feat. SZA),0VXNv42fMCHUaugnEgTeI7,Doja Cat,Kiss Me More (feat. SZA)
Walking On A Dream,5r5cp9IpziiIsR6b93vcnQ,Empire of the Sun,Walking On A Dream (10th Anniversary Edition)
All Day and Night - Jax Jones & Martin Solveig Present Europa,73kPQ2gUyEDF8C7eMAsXKX,Jax Jones,All Day and Night
Flames (feat. Ruel),4JiuLIWKkLH2iluzOhXh5Y,SG Lewis,Flames (feat. Ruel) [Lastlings Remix]
Neon Knights,6mxQMVyGjKpLp3tGbA4i8T,MSTRKRFT,The Looks
YMCA - Original Version 1978,54OR1VDpfkBuOY5zZjhZAY,Village People,YMCA
Don't Stop,6eB4UdPtmFYzT8JEhKj5tt,Madonna,Bedtime Stories
telepatía,6tDDoYIxWvMLTdKpjFkc1B,Kali Uchis,Sin Miedo (del Amor y Otros Demonios) ∞
Die For You,2Ch7LmS7r2Gy2kc64wv3Bz,The Weeknd,Starboy
One Kiss (with Dua Lipa),7ef4DlsgrMEH11cDZd32M6,Calvin Harris,One Kiss (with Dua Lipa)
Don't Be so Hard on Yourself,0sUyqewVzwv0e5tK3hS6vJ,Jess Glynne,I Cry When I Laugh
I Could Get Used To This,6u8epWzzk3CsJ05sqExF6T,Becky Hill,I Could Get Used To This
Cleopatra,7MZNg4HTyeLwsHMxkWRMJf,Mel Blue,Cleopatra
Slide Away,44ADyYoY5liaRa3EOAl4uf,Miley Cyrus,Slide Away
How Do You Sleep?,34pRqzRiFcIuyRMuuEayzY,Sam Smith,Love Goes
Best Friend,6cImbJrTosUToWyCUz96xr,Ingrid Michaelson,Stranger Songs
Jealous,32HvwAnsqYRP4RtecuB4xJ,Ingrid Michaelson,Jealous
We Got Love,7kqujRWNEBhrpYt0eV0uw5,Jessica Mauboy,We Got Love
"More Than A Woman - From ""Saturday Night Fever"" Soundtrack",2cX2coZS1PYBfPs8wgbdWE,Bee Gees,How Can You Mend A Broken Heart
IknowhowIfeel,2IFaUS63AIAr9P46W1lEwt,Parcels,Parcels
Love Again,4rPkN1FMzQyFNP9cLUGIIB,Dua Lipa,Future Nostalgia
Don't Say,3MfjcHFl8r41GL8YjSssCL,Robinson,Watching You - EP
Youngblood,2iUXsYOEPhVqEBwsqP70rE,5 Seconds of Summer,Youngblood (Deluxe)
Throw Away My Number (feat. Riley Biederer),2kgQZ6AA39TBxcUVuRGwpe,Jordie Ireland,Throw Away My Number (feat. Riley Biederer)
I Only Want To Be With You,31A3oqQxDLdG9HRx45z62d,Dusty Springfield,Stay Awhile / I Only Want To Be With You
Party Rock Anthem,7mitXLIMCflkhZiD34uEQI,LMFAO,Sorry For Party Rocking
Heaven,0vrmHPfoBadXVr2n0m1aqZ,Avicii,TIM
Forget About Me,6EafRI0UtUidrZbbKpFRYq,Aluna,Forget About Me
Dance,1odkZf5VDfsINEIRQ2GYW8,Foxes,Friends In The Corner EP
Peaches (feat. Daniel Caesar & Giveon),1ZrpvgLUBHozH2PLbc4SrO,Justin Bieber,Justice
Never Really Over,1IIV8jglA0klVZy17q665k,Katy Perry,Smile
This Is Heaven,41bqjWvbH0bkuaNqbHy54l,Nick Jonas,Spaceman
I Wanna Be Dancing,6EeFWOXlqtjhFQMmeqb295,Drew Sycamore,Sycamore
Motivation,0rIAC4PXANcKmitJfoqmVm,Normani,Motivation
Don't Leave Me Lonely (feat. YEBBA),68e673a92s9HYTeZQD3sBX,Mark Ronson,Late Night Feelings
Gasoline,3OmU1R6xEVCkuokKHtOfOl,Leyla Blue,Gasoline
Day 2 Day,3DaOIa9EWJgeveJAKArDbw,I Know Leopard,Day 2 Day
Heartbreak Hotel (feat. Faith Evans & Kelly Price),4J9u7UsXH7F6sFI32KnYuP,Whitney Houston,My Love Is Your Love
Hold On,501a6C1zDnBaRu8iLBddhA,Crooked Colours,Langata
Torn,6SpVp6ttad3XJOsjKBZwaq,Ava Max,Heaven & Hell
Show Love,0sxbDNVNwLr555jWcI3V4O,Jupiter Project,Starlight
Umbrella - Radio Edit,113v1MA9MTShy98uCz37nO,Rihanna,Umbrella
Strangers,7dwsyh0cLeNAyDY2aoY0xo,Roosevelt,Polydans (Deluxe)
Choir,640jkbfHDZM8SVBqMnHJg6,Guy Sebastian,T. R. U. T. H.
You,69lJuy3wAfYFmH7VmsAAfo,Regard,You
Real Thing,072PI4U52gO1NasX4Lpv7Z,Ruel,Real Thing
The Sweet Escape,5BHtT1xpC44pGy1J7RKY4T,Gwen Stefani,The Sweet Escape
I Knew You Were Trouble (Taylor's Version),6AtZLIzUINvExIUy4QhdjP,Taylor Swift,Red (Taylor's Version)
Burn the Pages,5CUHrXM6BiQ0wB8oYiXRju,Sia,1000 Forms of Fear
Sanctuary,0rOLFkjY5DSIViVBNnzOuK,Joji,Nectar
Surrender (feat. PRICIE),6seDjSbkqKkOUsHjhhHMJw,Tseba,Surrender (feat. PRICIE)
Do It Like You,5h1Gi50T9QxVfzvIF8vciC,Crooked Colours,Do It Like You
Tonight Tonight,1lk1AQ4NL2F5INzLcCWa1u,Celeste,Not Your Muse (Deluxe)
Love Don't You Go Through No Changes on Me,1zjjycn93jLHoPkuWk4TEL,Sister Sledge,Circle of Love
deja vu,3ucQ4DLpH8RgyzqYBMnDpj,Olivia Rodrigo,SOUR
pov,3UoULw70kMsiVXxW0L3A33,Ariana Grande,Positions
Just Like You,7dHe3Qnga1fdWSHACxgjo4,Jessica Mauboy,HILDA
What You Did (feat. Ella Mai),2B7UWqNqKgPVGQQ6FXn2PP,Mahalia,LOVE AND COMPROMISE
I Feel for You,5yR9u8QiOt8hJaddv32oo7,Chaka Khan,I Feel for You
Crying Underwater,5tUbLRfRH4yG6kME7diu61,Dami Im,Crying Underwater
Between Us,17m9ovS0DuwEcq0clVRwdG,Hayden James,Between Us
Hold On,1nahzW3kfMuwReTka28tH5,Justin Bieber,Justice
Easy On Me,0gplL1WMoJ6iYaPgMCL0gX,Adele,Easy On Me
Fade Out,20XjdVfh6kFATmgm7T0C5r,Seeb,Fade Out
Overpass Graffiti,4btFHqumCO31GksfuBLLv3,Ed Sheeran,=
Don't Bring Me Down,72ahyckBJfTigJCFCviVN7,Electric Light Orchestra,Discovery
Sky Is Crying,0VH9sKPtKbkxllpqyYmJ7E,ZHU,Sky Is Crying
Heavy Hearted,5JYgsmk4xeNl0oEAVJOCiQ,The Jungle Giants,Love Signs
Take Me Away,3SQqBIYN8fPB3wPjFGRS5N,Keyshia Cole,Calling All Hearts
Anyone,2WnAKZefdRHxtBEkRjFOHC,Justin Bieber,Justice
As I Am (feat. Khalid),4MmMxyew8yq1OEyJOMaX6M,Justin Bieber,Justice
ily (i love you baby) (feat. Emilee),62aP9fBQKYKxi7PDXwcUAS,Surf Mesa,ily (i love you baby) (feat. Emilee)
Beautiful People (feat. Khalid),4evmHXcjt3bTUHD1cvny97,Ed Sheeran,Beautiful People (feat. Khalid)
Don't Ever Let 'Em,75dWFCSV1QpKkLzpdmWqdy,Fitz and The Tantrums,All the Feels
Peace Of Mind (feat. Vargas & Lagola),6ZEYvUSgON3J5Qe1RYi3Jo,Avicii,TIM
Are You Gonna Be My Girl,7jxt2wNMLCfLDReRlpzZ0c,Jet,Get Born (Deluxe Edition)
1%,2FVLNK8kqA6BZp4NCPumti,Oscar Scheller,HTTP404
Your Love Is My Drug,6vc2Jq2vaGu8z326kSrw92,Kesha,Animal (Expanded Edition)
Your Love - Mixed,0x1qrJiwH3U7G7FvIzLWT5,Tyler Touché,A Morning with Kitsuné (DJ Mix)
Kissing Strangers,7tt019teSHKBoMVgyq281W,Vetta Borne,Kissing Strangers
More,51eMjUOMnQnLHudMX5frNX,Electric Guest,KIN
Made For Loving,2HbCIte2doXhxBy1qbnw8a,Georgia Lines,Made For Loving
STAY (with Justin Bieber),4kux0P5UfguojB4h0lQnsj,The Kid LAROI,STAY (with Justin Bieber)
It's My Life,1OutzYv6YiN93lrT3pJsWR,No Doubt,It's My Life
Mirage (Don’t Stop),5CZ53WFltsPPyLmx34QJwh,Jessie Ware,What's Your Pleasure?
Takeaway,3g0mEQx3NTanacLseoP0Gw,The Chainsmokers,World War Joy
Don't Let a Good Girl Down,6cQDXBNQcTFNKv0RNn6tkT,Thelma Plum,Better in Blak
The Game,5kmoLnkvHQZfsdUttVisVh,Milky Chance,Mind The Moon
Young Love,2huqjk8DHIPRgkkrcWwtxW,Janet Jackson,Janet Jackson
Whiplash,442tCp6HJQl6v420BflzGV,Phoebe Sinclair,Whiplash
Velvet,1r4Cr3gJNg7OM0jtCVgYMX,Fergie,The Dutchess Deluxe
Good Without,15OCqNPYoLziEAsbVnqRj5,Mimi Webb,Good Without
Kiss My (Uh Oh),5duCWzvvPXMTPfnNSleTqN,Anne-Marie,Kiss My (Uh Oh)
Moth To A Flame (with The Weeknd),7kfOEMJBJwdCYqyJeEnNhr,Swedish House Mafia,Moth To A Flame
Ain't Nothin' Goin' on But the Rent (feat. Ngaiire) [Original Mix],4y0AsD42QUjqFdU4DK9T9x,Lancelot,Job
Real Man,1c6yJ3DE0AEhG76jFJk6Gn,Kali Claire,A MAN'S WORLD
Don't Start Now,3PfIrDoz19wz7qK7tYeu62,Dua Lipa,Future Nostalgia
Lie Like This,0PIELzsmT60d1xUNGIrwdF,Julia Michaels,Lie Like This
Don't Call Me Up,5WHTFyqSii0lmT9R21abT8,Mabel,Ivy To Roses (Mixtape)
Don’t Wake Me Up,3LEgGAl9zLcQWGTp7ptqtQ,Jonas Blue,Don’t Wake Me Up
More Than OK (with Clara Mae),2VgaEScO5uXRCSincakuMR,R3HAB,More Than OK (with Clara Mae)
Survival,0NaU4I4x6dGFBxaMoAFBow,Madonna,Bedtime Stories
Mirror Mirror,35CJV7apnwTi0gCM9WCCpz,Diana Ross,Why Do Fools Fall in Love
who do u love,6twNGCShHPgx5md0kQpBiC,Lil Halima,who do u love
Cloudy Day,6pSg9C0ZC2R12AxU1tYcZX,Tones And I,Welcome to the Madhouse
Baby,6pdcpkWpFFy41HqvUiMofI,Angie Stone,The Art of Love & War
BED,7jXQUrVhEpXdymfFWNDnQW,Joel Corry,BED
Day 'N' Nite - Crookers Remix,34sGnIHB3ZthMvHpNX1i7e,Kid Cudi,Man On The Moon: The End Of Day (Int'l Version)
Secrets (Your Fire),3tgHGoK5ItQv2q2yqggxlb,Magdalena Bay,Mercurial World
Little Bit More,4nv9Se2N0FbHfkbcOck9Qf,Whitney Woerz,Little Bit More
Made Up,2TwOHThl3lelILYtBdTi5o,Roman Kouder,YOUTH
I Love Every Little Thing About You,0LbmtTCBenouaTrMHJ6kpR,Rhianna,Get On
Built To Last (feat. RØRY),3OmKuGbtu4U2UnQpDqLXHi,Feki,Built To Last (feat. RØRY)
Back To Life,52GD7U2RE73pn50XrBuGJF,Fergus James,Back To Life
Low (feat. T-Pain),0CAfXk7DXMnon4gLudAp7J,Flo Rida,Mail on Sunday
Ritual,0FEk8LwY8h4rAR63ggfhV0,Tiësto,The London Sessions
Forget You,3MeL7vAsVbgSrGFd0HioaJ,CeeLo Green,The Lady Killer (Deluxe)
Closer,2aj62Spv7uxQGI8ZFFMOlo,Ngaiire,3
Didn't We Almost Have It All,19wadMw1A8XejDV4p5wMt1,Whitney Houston,Whitney
Wishful Thinking,06Xh1KvQofFghlSt33mFjc,BENEE,FIRE ON MARZZ
Head on Fire,6QLNcOI6YCqdLAS6GLWXMj,Griff,Head on Fire
Boys Don't Cry,35COLcFjvONwVv6jkG23gI,Anitta,Boys Don't Cry
Shade,5oeDWulKNo4nGSKFe7k4zR,MOSSY,N2KY
Kiss Me More (feat. SZA),748mdHapucXQri7IAO8yFK,Doja Cat,Kiss Me More (feat. SZA)
Emotion feat. Wild Nothing,3pN4bdgaRvc3c61GCkEwDP,Molly Burch,Romantic Images
